item_id,category_id,item_res
11111,11111,"[0.0, 0.0, 0.0, 0.3544347286224365, 0.0, 0.0, 0.048444345593452454, 0.27947989106178284, 0.0, 0.0, 0.0, 0.0, 0.0, 0.2169768363237381, 0.0, 0.5375819802284241, 0.43029752373695374, 0.0, 0.13886095583438873, 0.0, 0.0, 0.0, 0.0, 0.9425293803215027, 0.0, 0.0, 0.0, 0.15178897976875305, 0.0, 0.0, 0.04916749522089958, 0.6465045213699341, 0.12024793028831482, 0.0, 0.0, 0.0, 0.3953796327114105, 0.0, 0.0771932527422905, 0.0, 0.18219633400440216, 0.011187472380697727, 0.0, 0.6303893327713013, 0.0, 0.0, 0.0, 0.0, 0.0, 0.0, 0.0, 0.0, 0.031402427703142166, 0.0, 0.0, 0.2574559450149536, 0.0, 0.0, 0.09626663476228714, 0.24621520936489105, 0.0, 0.0, 0.0, 0.0, 0.44538211822509766, 0.0, 0.0, 0.036934029310941696, 0.40343722701072693, 0.0, 0.0, 0.0, 0.0, 0.12323620170354843, 0.0, 0.029810799285769463, 0.0, 0.0, 0.0, 0.0, 0.0, 0.2185554802417755, 0.07447381317615509, 0.07356967031955719, 0.5609548687934875, 0.0, 0.0, 0.0, 0.0, 0.0, 0.0, 0.0, 0.006173353176563978, 0.5093445181846619, 0.0, 0.0, 0.0, 0.0, 0.0, 0.25127196311950684, 0.0, 0.1704605668783188, 0.0, 0.047815412282943726, 0.9596322178840637, 0.0, 0.0, 0.0, 0.0, 0.0, 0.0072836424224078655, 0.0, 0.0636538714170456, 0.0, 0.9616420269012451, 0.0, 0.8909367918968201, 0.0, 0.0, 0.014441470615565777, 0.0, 0.07941357791423798, 0.0, 0.0, 0.32669588923454285, 0.0, 0.0, 0.0]"
22222,22222,"[0.005425383802503347, 0.0, 0.0, 0.9794092774391174, 0.0, 0.0, 0.3592677712440491, 0.0, 0.0, 0.0, 0.0, 0.06981934607028961, 0.0, 0.0, 0.0, 0.9541639089584351, 0.38758307695388794, 0.0, 0.0, 0.0, 0.0, 0.0, 0.0, 1.4959745407104492, 0.0, 0.0, 0.0, 0.0, 0.0, 0.0, 0.0, 0.6415279507637024, 0.10798289626836777, 0.0, 0.0, 0.0, 0.9660970568656921, 0.0, 0.0, 0.0, 0.16385586559772491, 0.0, 0.0, 0.7566416263580322, 0.0, 0.0, 0.0, 0.0, 0.0, 0.0, 0.0, 0.0, 0.0, 0.22621183097362518, 0.0, 0.0912121832370758, 0.0, 0.0, 0.9829313158988953, 0.5896475315093994, 0.0, 0.0, 0.070400170981884, 0.0, 0.0, 0.0, 0.0, 0.0, 1.0339688062667847, 0.0, 0.0, 0.0, 0.11735942214727402, 0.0, 0.0, 0.29237180948257446, 0.0, 0.01884845271706581, 0.0, 0.0, 0.0, 0.0, 9.743454938870855e-06, 0.0, 0.9355391263961792, 0.0, 0.0, 0.0, 0.0, 0.0, 0.0, 0.0, 0.0, 0.6545310616493225, 0.0, 0.0, 0.0, 0.0, 0.0, 0.3402419984340668, 0.0, 0.0, 0.0, 0.0, 1.4579237699508667, 0.0, 0.0, 0.0, 0.0, 0.0, 0.0, 0.0, 0.0, 0.0, 1.2503767013549805, 0.0, 1.1975033283233643, 0.17634649574756622, 0.0, 0.0, 0.0, 0.0, 0.0, 0.0, 1.0487674474716187, 0.02025182917714119, 0.19122962653636932, 0.0]"
33333,33333,"[0.0, 0.0, 0.0, 0.8171906471252441, 0.0, 0.0, 0.0, 0.0, 0.0, 0.0, 0.0, 0.0, 0.0, 0.0, 0.0, 0.9374644756317139, 0.3525078296661377, 0.0, 0.0, 0.0, 0.0, 0.0, 0.0, 1.3741503953933716, 0.0, 0.0, 0.0, 0.0, 0.0, 0.0, 0.0, 0.7512416243553162, 0.0, 0.0, 0.0, 0.1751793920993805, 0.7255463004112244, 0.0, 0.0, 0.0, 0.09745587408542633, 0.0, 0.0, 0.6640088558197021, 0.0, 0.0, 0.0, 0.0, 0.0, 0.0, 0.0, 0.0, 0.0, 0.0, 0.0, 0.0, 0.0, 0.0, 0.7776179909706116, 0.4910198152065277, 0.0, 0.0, 0.0, 0.0, 0.0, 0.0, 0.0, 0.0, 1.0621763467788696, 0.0, 0.0, 0.0, 0.0, 0.0, 0.0, 0.2678564488887787, 0.0, 0.0, 0.0, 0.0, 0.0, 0.0, 0.0, 0.0, 0.8474307656288147, 0.0, 0.0, 0.0, 7.973273022798821e-05, 0.0, 0.0, 0.0, 0.0, 0.6527447700500488, 0.0, 0.0, 0.0, 0.0, 0.0, 0.2449778914451599, 0.0, 0.0, 0.0, 0.0, 1.3654065132141113, 0.0, 0.0, 0.0, 0.0, 0.0, 0.0, 0.0, 0.0, 0.0, 1.1734750270843506, 0.0, 1.2676910161972046, 0.15297125279903412, 0.0, 0.0, 0.0, 0.18476124107837677, 0.0, 0.0, 0.7095085978507996, 0.0, 0.2460235357284546, 0.0]"
44444,44444,"[0.0, 0.0, 0.0, 0.6642879247665405, 0.0, 0.0, 0.26777926087379456, 0.0, 0.0, 0.0, 0.0, 0.007065178360790014, 0.0, 0.0, 0.0, 0.9836017489433289, 0.20744261145591736, 0.0, 0.0, 0.0, 0.0, 0.0, 0.0, 1.3919843435287476, 0.0, 0.0, 0.0, 0.0, 0.0, 0.0, 0.0, 0.7084250450134277, 0.0, 0.0, 0.0, 0.0, 0.6880451440811157, 0.0, 0.0, 0.0, 0.01474491786211729, 0.0, 0.0, 0.5615099668502808, 0.0, 0.0, 0.0, 0.0, 0.0, 0.0, 0.0, 0.0, 0.0, 0.0, 0.0, 0.0, 0.0, 0.0, 0.7352915406227112, 0.5183399319648743, 0.0, 0.0, 0.0, 0.0, 0.0, 0.0, 0.0, 0.0, 0.8443138003349304, 0.0, 0.0, 0.0, 0.0, 0.0, 0.0, 0.0, 0.0, 0.0, 0.0, 0.0, 0.0, 0.0, 0.0, 0.0, 0.8589562177658081, 0.0, 0.0, 0.0, 0.0, 0.0, 0.0, 0.0, 0.0, 0.741894543170929, 0.0, 0.0, 0.0, 0.0, 0.0, 0.21437028050422668, 0.0, 0.0, 0.0, 0.0, 1.3999027013778687, 0.0, 0.0, 0.0, 0.0, 0.0, 0.0, 0.0, 0.0, 0.0, 1.2125365734100342, 0.0, 1.1324938535690308, 0.0, 0.0, 0.0, 0.0, 0.23378966748714447, 0.0, 0.0, 0.8194958567619324, 0.0, 0.1683603674173355, 0.0]"
55555,55555,"[0.0, 0.0, 0.0, 0.5727912783622742, 0.0, 0.0, 0.17951424419879913, 0.0, 0.0, 0.0, 0.0, 0.0, 0.0, 0.0, 0.0, 0.8345773816108704, 0.20076662302017212, 0.0, 0.0, 0.0, 0.0, 0.0, 0.0, 1.2675787210464478, 0.0, 0.0, 0.0, 0.0, 0.0, 0.0, 0.0, 0.5831015706062317, 0.0, 0.0, 0.0, 0.12031611055135727, 0.7192298769950867, 0.0, 0.0, 0.0, 0.0, 0.0, 0.0, 0.6228221654891968, 0.0, 0.0, 0.0, 0.0, 0.0, 0.0, 0.0, 0.0, 0.0, 0.0, 0.0, 0.0, 0.0, 0.0, 0.847380518913269, 0.3797307014465332, 0.0, 0.0, 0.0, 0.0, 0.0, 0.0, 0.0, 0.0, 0.7331376671791077, 0.0, 0.0, 0.0, 0.0, 0.0, 0.0, 0.2609509527683258, 0.0, 0.0, 0.0, 0.0, 0.0, 0.0, 0.0, 0.0, 0.7293722033500671, 0.0, 0.0, 0.0, 0.0, 0.0, 0.0, 0.0, 0.0, 0.5679102540016174, 0.0, 0.0, 0.0, 0.0, 0.0, 0.16037026047706604, 0.0, 0.0, 0.0, 0.0, 1.295499563217163, 0.0, 0.0, 0.006232432089745998, 0.0, 0.0, 0.0, 0.0, 0.0, 0.0, 1.0933490991592407, 0.0, 1.1403226852416992, 0.1248946487903595, 0.0, 0.0, 0.0, 0.21605592966079712, 0.0, 0.0, 0.5940804481506348, 0.0, 0.33540335297584534, 0.0]"
66666,66666,"[0.0, 0.0, 0.0, 0.403169721364975, 0.0, 0.0, 0.0, 0.30583199858665466, 0.0, 0.0, 0.0, 0.1434137225151062, 0.0, 0.0, 0.0, 0.7222082018852234, 0.4193863272666931, 0.0, 0.2306753695011139, 0.054893217980861664, 0.0, 0.0, 0.0, 1.1373761892318726, 0.0, 0.0, 0.0, 0.0, 0.0, 0.0, 0.0, 0.5300036072731018, 0.0, 0.0, 0.0, 0.3813316822052002, 0.29647305607795715, 0.0, 0.0, 0.0, 0.0, 0.0, 0.0, 0.6213464736938477, 0.0, 0.0, 0.0, 0.0, 0.0, 0.0254199355840683, 0.0, 0.0, 0.0, 0.0, 0.0, 0.0, 0.0, 0.0, 0.6883326768875122, 0.09430104494094849, 0.0, 0.091507688164711, 0.014126084744930267, 0.0, 0.044186193495988846, 0.0, 0.0, 0.2217053323984146, 0.5198043584823608, 0.0, 0.0, 0.0, 0.3292867839336395, 0.0, 0.0, 0.20171667635440826, 0.0, 0.37566331028938293, 0.0, 0.0, 0.0, 0.0, 0.01995241455733776, 0.0, 0.504865825176239, 0.0, 0.0, 0.0, 0.0, 0.0, 0.0, 0.0, 0.10661934316158295, 0.5705951452255249, 0.0, 0.0, 0.0, 0.0, 0.0, 0.23341518640518188, 0.0, 0.0, 0.0, 0.0, 0.8450119495391846, 0.0, 0.0, 0.3385166525840759, 0.0, 0.0, 0.0, 0.0, 0.0, 0.0, 0.9740294218063354, 0.0, 0.5556502342224121, 0.0, 0.022883430123329163, 0.0, 0.0, 0.4813115894794464, 0.03472447767853737, 0.0, 0.5040316581726074, 0.0, 0.10836508125066757, 0.0]"
77777,77777,"[0.11953826248645782, 0.0, 0.0, 0.6724656820297241, 0.0, 0.0, 0.128545880317688, 0.0, 0.0, 0.0, 0.09169838577508926, 0.0, 0.0, 0.08292096108198166, 0.0, 0.7268454432487488, 0.09852750599384308, 0.0, 0.0, 0.0, 0.0, 0.0, 0.0, 1.245248556137085, 0.0, 0.0, 0.0, 0.0, 0.0, 0.0, 0.0, 0.12746286392211914, 0.0, 0.0, 0.0, 0.0, 0.7241482734680176, 0.0, 0.0, 0.0, 0.0, 0.0, 0.0, 0.7131227254867554, 0.0, 0.0, 0.0, 0.0, 0.0, 0.0, 0.0, 0.0, 0.0, 0.0, 0.0, 0.18675537407398224, 0.0, 0.0, 0.7443952560424805, 0.3583415746688843, 0.0, 0.0, 0.0, 0.0, 0.0, 0.0, 0.0, 0.0, 0.8341421484947205, 0.0, 0.0, 0.0, 0.0, 0.0, 0.0, 0.34170788526535034, 0.0, 0.0, 0.0, 0.0, 0.0, 0.0, 0.0, 0.0, 0.30735230445861816, 0.0, 0.0, 0.0, 0.0, 0.0, 0.0, 0.0, 0.0, 0.5200443267822266, 0.0, 0.0, 0.0, 0.0, 0.0, 0.1689879298210144, 0.0, 0.0, 0.0, 0.0, 0.9063054919242859, 0.07293407618999481, 0.0, 0.08994149416685104, 0.0, 0.0, 0.0, 0.010544557124376297, 0.0, 0.0, 0.9924726486206055, 0.0, 1.0118443965911865, 0.4788065552711487, 0.042323868721723557, 0.0, 0.0, 0.33952605724334717, 0.0, 0.0, 0.5963188409805298, 0.10983160138130188, 0.1723881959915161, 0.0]"
88888,88888,"[0.0, 0.0, 0.0, 0.593783438205719, 0.0, 0.0, 0.15289103984832764, 0.042561259120702744, 0.0, 0.0, 0.032801177352666855, 0.0006171974819153547, 0.0, 0.0, 0.0, 0.5787026286125183, 0.0, 0.0, 0.0, 0.03303657844662666, 0.0, 0.0, 0.0, 0.9200348258018494, 0.0, 0.0, 0.0, 0.0, 0.0, 0.0, 0.0, 0.42977166175842285, 0.0, 0.0, 0.0, 0.1744101494550705, 0.4921034574508667, 0.0, 0.0, 0.0, 0.05941209942102432, 0.0, 0.0, 0.4088574945926666, 0.0, 0.0, 0.0, 0.0, 0.0, 0.0, 0.0, 0.0, 0.0, 0.0, 0.0, 0.13782797753810883, 0.0, 0.0, 0.5470004677772522, 0.3214486539363861, 0.0, 0.0, 0.0008819773211143911, 0.0, 0.007563215680420399, 0.0, 0.0, 0.0, 0.5356212258338928, 0.0, 0.04494806379079819, 0.0, 0.15211765468120575, 0.0, 0.0, 0.39339908957481384, 0.0, 0.0, 0.0, 0.0, 0.0, 0.0, 0.0, 0.0, 0.601386308670044, 0.0, 0.0, 0.0, 0.0, 0.0, 0.0, 0.0, 0.0, 0.6093125343322754, 0.0, 0.0, 0.0, 0.0, 0.0, 0.2924543619155884, 0.0, 0.0, 0.0, 0.06524676829576492, 1.0607645511627197, 0.0, 0.0, 0.0, 0.0, 0.0, 0.0, 0.0, 0.0, 0.018234236165881157, 1.0782209634780884, 0.0, 0.9266786575317383, 0.0, 0.0, 0.0, 0.041296642273664474, 0.33496055006980896, 0.0, 0.0, 0.5339512825012207, 0.02339315041899681, 0.3629882037639618, 0.0]"
123,123,"[0.0, 0.0, 0.0, 0.4290945529937744, 0.0, 0.0, 0.05915825068950653, 0.0, 0.0, 0.0, 0.0, 0.0, 0.0, 0.0, 0.0, 0.5044043660163879, 0.14574842154979706, 0.0, 0.0, 0.06482023000717163, 0.0, 0.0, 0.0, 0.8127585649490356, 0.0, 0.0, 0.0, 0.0, 0.0, 0.0, 0.0, 0.3848138451576233, 0.0, 0.0, 0.0, 0.0, 0.42229345440864563, 0.0, 0.0, 0.0, 0.0, 0.0, 0.0, 0.5165536999702454, 0.0, 0.0, 0.0, 0.0, 0.0, 0.0, 0.0, 0.0, 0.0, 0.0, 0.0, 0.0, 0.0, 0.0, 0.5551196336746216, 0.27610668540000916, 0.0, 0.0, 0.09504615515470505, 0.0, 0.0, 0.0, 0.0, 0.05661915987730026, 0.6981782913208008, 0.0, 0.0, 0.0, 0.08883246779441833, 0.0, 0.0, 0.13903968036174774, 0.0, 0.0, 0.0, 0.0, 0.0, 0.0, 0.0, 0.0, 0.5267571806907654, 0.0, 0.0, 0.0, 0.0, 0.0, 0.0, 0.0, 0.0, 0.3470379114151001, 0.0, 0.0, 0.0, 0.0, 0.0, 0.24908949434757233, 0.0, 0.0, 0.0, 0.0, 0.9303092360496521, 0.0, 0.0, 0.08107676357030869, 0.0, 0.0, 0.0, 0.0, 0.0, 0.0, 0.5585435032844543, 0.0, 0.7988793253898621, 0.0, 0.0, 0.0, 0.0019835871644318104, 0.14746524393558502, 0.0, 0.0, 0.37362542748451233, 0.0, 0.12229232490062714, 0.0]"
1,1,"[0.0, 0.0, 0.017946546897292137, 0.7150222063064575, 0.4016767144203186, 0.0, 0.02090141735970974, 0.0051032560877501965, 0.0, 0.0, 0.0, 0.15421293675899506, 0.0, 0.10103494673967361, 0.0, 0.5867971777915955, 0.13805316388607025, 0.0, 0.0, 0.0, 0.0, 0.0, 0.0, 1.1234253644943237, 0.0, 0.0, 0.0, 0.12348748743534088, 0.0, 0.0, 0.0, 0.35525962710380554, 0.12971267104148865, 0.0, 0.0, 0.4019841253757477, 0.4729388356208801, 0.0, 0.0, 0.0, 0.0, 0.0, 0.0, 0.5304741263389587, 0.0, 0.0, 0.0, 0.0, 0.0, 0.12046287953853607, 0.0, 0.0, 0.0, 0.011127211153507233, 0.0, 0.0, 0.0, 0.0, 0.3974475860595703, 0.42580878734588623, 0.0, 0.023682063445448875, 0.09052865952253342, 0.0, 0.0, 0.0, 0.0, 0.05842070281505585, 0.4817141890525818, 0.0, 0.0, 0.0, 0.0, 0.0, 0.0, 0.2676726281642914, 0.0, 0.0, 0.0, 0.0, 0.0, 0.0, 0.0, 0.0, 0.3276156187057495, 0.0, 0.0, 0.0, 0.0, 0.0, 0.0, 0.0, 0.0, 0.3709459900856018, 0.0, 0.0, 0.0, 0.12030286341905594, 0.0, 0.1528720110654831, 0.0, 0.0, 0.0, 0.0, 0.8665846586227417, 0.0, 0.0, 0.0, 0.0, 0.0, 0.0, 0.0, 0.0, 0.0, 0.7958604693412781, 0.0, 1.0662624835968018, 0.06723858416080475, 0.0, 0.0, 0.0, 0.11094202846288681, 0.06091690436005592, 0.0, 0.45720407366752625, 0.13226066529750824, 0.4073692560195923, 0.0]"
2,2,"[0.0, 0.0, 0.0, 0.871506929397583, 0.0, 0.0, 0.1637895703315735, 0.0, 0.0, 0.0, 0.0, 0.0, 0.0, 0.0, 0.0, 0.8768900036811829, 0.434688001871109, 0.0, 0.0, 0.0, 0.0, 0.0, 0.0, 1.2383639812469482, 0.0, 0.0, 0.0, 0.0, 0.0, 0.0, 0.0, 0.6103516817092896, 0.24397943913936615, 0.0, 0.0, 0.09231486171483994, 0.46344193816185, 0.0, 0.0, 0.0, 0.0803096741437912, 0.0, 0.0, 0.762872040271759, 0.0, 0.0, 0.0, 0.0, 0.0, 0.0, 0.0, 0.0, 0.0, 0.07809745520353317, 0.0, 0.0, 0.0, 0.0, 0.8670035600662231, 0.5844929814338684, 0.0, 0.0, 0.0, 0.0, 0.0, 0.0, 0.0, 0.0, 0.6144948601722717, 0.0, 0.0, 0.0, 0.0, 0.0, 0.0, 0.38774609565734863, 0.0, 0.0, 0.0, 0.0, 0.0, 0.0, 0.0, 0.0, 0.5275261998176575, 0.0, 0.155381977558136, 0.0, 0.0, 0.0, 0.0, 0.0, 0.0, 0.6126180291175842, 0.0, 0.0, 0.0, 0.0, 0.0, 0.11494538933038712, 0.0, 0.05948958918452263, 0.0, 0.0, 1.219461441040039, 0.0, 0.01856892742216587, 0.0, 0.0, 0.0, 0.00012401113053783774, 0.0, 0.0, 0.0, 0.8616796731948853, 0.0, 0.877463161945343, 0.12771622836589813, 0.0, 0.0, 0.0, 0.11659760773181915, 0.0, 0.0, 0.7314864993095398, 0.0, 0.13599425554275513, 0.0]"
3,3,"[0.0, 0.0, 0.0, 0.5223512649536133, 0.0, 0.0, 0.2582402527332306, 0.1639314889907837, 0.0, 0.0, 0.0, 0.0, 0.0, 0.0, 0.0, 0.729418158531189, 0.4309004843235016, 0.0, 0.0, 0.0, 0.0, 0.0, 0.0, 1.1826982498168945, 0.0, 0.0, 0.0, 0.0, 0.0, 0.0, 0.0, 0.6430455446243286, 0.08210339397192001, 0.0, 0.0, 0.12084655463695526, 0.5681053400039673, 0.0, 0.0, 0.0, 0.03905235230922699, 0.0, 0.0, 0.7618688344955444, 0.0, 0.0, 0.0, 0.02395898662507534, 0.0, 0.0, 0.0, 0.0, 0.0, 0.0, 0.0, 0.0, 0.0, 0.0, 0.7934411764144897, 0.4025622308254242, 0.0, 0.0, 0.0, 0.0, 0.0, 0.0, 0.05044833943247795, 0.02242441289126873, 0.6329120993614197, 0.0, 0.0, 0.0, 0.012227327562868595, 0.0, 0.0, 0.3172432780265808, 0.0, 0.0, 0.0, 0.0, 0.0, 0.0, 0.0, 0.0, 0.7207551002502441, 0.0, 0.0, 0.0, 0.0, 0.0, 0.0, 0.0, 0.0, 0.545311689376831, 0.0, 0.0, 0.0649787038564682, 0.0, 0.0, 0.24916788935661316, 0.0, 0.0, 0.0, 0.0, 1.2008427381515503, 0.0, 0.0, 0.0, 0.0, 0.0, 0.0, 0.0, 0.0, 0.0, 1.0408093929290771, 0.0, 0.9661009311676025, 0.0, 0.0, 0.0, 0.0, 0.14642149209976196, 0.0, 0.0, 0.5389127731323242, 0.0, 0.0, 0.0]"
4,4,"[0.0, 0.0, 0.0, 0.7049071192741394, 0.0, 0.0, 0.19570904970169067, 0.17895841598510742, 0.0, 0.0, 0.0, 0.04683053493499756, 0.0, 0.0, 0.0, 0.7917068600654602, 0.3228202760219574, 0.0, 0.0, 0.0, 0.0, 0.0, 0.0, 1.1303772926330566, 0.0, 0.0, 0.0, 0.0, 0.0, 0.0, 0.0, 0.6946861743927002, 0.11917256563901901, 0.0, 0.0, 0.0, 0.4886293411254883, 0.0, 0.0, 0.0, 0.13778969645500183, 0.0, 0.0, 0.6997227668762207, 0.0, 0.0, 0.0, 0.0, 0.0, 0.0, 0.052184514701366425, 0.0, 0.0, 0.0, 0.0, 0.0015318915247917175, 0.0, 0.0, 0.6625653505325317, 0.5724110007286072, 0.0, 0.0, 0.0, 0.0, 0.0, 0.0, 0.09786214679479599, 0.10185582935810089, 0.7136372327804565, 0.0, 0.0, 0.0, 0.0, 0.0, 0.0, 0.29092368483543396, 0.0, 0.0, 0.0, 0.0, 0.0, 0.0, 0.0, 0.0, 0.626618504524231, 0.0, 0.0, 0.0, 0.0, 0.0, 0.0, 0.0, 0.0, 0.670627236366272, 0.0, 0.0, 0.0, 0.0, 0.0, 0.0, 0.0, 0.09435508400201797, 0.0, 0.0, 1.2462230920791626, 0.0, 0.0, 0.0, 0.0, 0.0, 0.0, 0.026223020628094673, 0.0, 0.0, 0.9963259100914001, 0.0, 1.113945722579956, 0.0, 0.0, 0.0, 0.0, 0.08601836860179901, 0.04365194961428642, 0.0, 0.6548501253128052, 0.0, 0.22866740822792053, 0.0]"
5,5,"[0.0, 0.0, 0.0, 0.6422107219696045, 0.0, 0.0, 0.3020104765892029, 0.0, 0.0, 0.0, 0.0, 0.0, 0.0, 0.0, 0.0, 0.8949208855628967, 0.19229917228221893, 0.0, 0.0, 0.0, 0.0, 0.0, 0.0, 1.1280407905578613, 0.0, 0.0, 0.0, 0.0, 0.0, 0.0, 0.0, 0.5094913244247437, 0.025741593912243843, 0.0, 0.0, 0.13569071888923645, 0.5438238382339478, 0.0, 0.0, 0.0, 0.03782651200890541, 0.0, 0.0, 0.5489774942398071, 0.0, 0.0, 0.0, 0.0, 0.0, 0.0, 0.0, 0.0, 0.0, 0.0, 0.0, 0.0, 0.0, 0.0, 0.7222322821617126, 0.358589768409729, 0.0, 0.0, 0.09069051593542099, 0.0, 0.0, 0.0, 0.0, 0.0, 0.6146903038024902, 0.0, 0.0, 0.0, 0.0, 0.0, 0.0, 0.3722931146621704, 0.0, 0.0, 0.0, 0.0, 0.0, 0.0, 0.0, 0.0, 0.5085049271583557, 0.0, 0.014750336296856403, 0.0, 0.0, 0.0, 0.0, 0.0, 0.0, 0.8121979236602783, 0.0, 0.0, 0.0, 0.0, 0.0, 0.215044304728508, 0.0, 0.0, 0.0, 0.0, 1.189574122428894, 0.0, 0.0, 0.0, 0.0, 0.0, 0.0, 0.0, 0.0, 0.0, 0.9979460835456848, 0.001128817442804575, 0.9324581623077393, 0.07248726487159729, 0.0, 0.0, 0.0, 0.22583408653736115, 0.0, 0.0, 0.7833735942840576, 0.0, 0.255728542804718, 0.0]"
6,6,"[0.0, 0.0, 0.0, 0.5847975015640259, 0.05077950283885002, 0.0, 0.045604053884744644, 0.0, 0.0, 0.0, 0.039431121200323105, 0.0, 0.0, 0.02890954539179802, 0.0, 0.5559385418891907, 0.04096021503210068, 0.0, 0.0, 0.0, 0.0, 0.0, 0.0, 1.0879912376403809, 0.0, 0.0, 0.0, 0.0, 0.0, 0.0, 0.0, 0.2557094395160675, 0.0, 0.10657328367233276, 0.0, 0.26935985684394836, 0.5746755003929138, 0.0, 0.0, 0.0, 0.020067770034074783, 0.0, 0.0, 0.5628968477249146, 0.0, 0.0, 0.0, 0.0, 0.0, 0.09092910587787628, 0.0, 0.04607222601771355, 0.0, 0.05134197324514389, 0.0, 0.018136383965611458, 0.0, 0.0, 0.6772288084030151, 0.34057188034057617, 0.0, 0.038394853472709656, 0.0, 0.0, 0.03569766879081726, 0.0, 0.0, 0.00041291466914117336, 0.6798436045646667, 0.0, 0.0, 0.0, 0.0, 0.0, 0.0, 0.5926409959793091, 0.019970858469605446, 0.0, 0.0, 0.0, 0.0, 0.0, 0.1034104973077774, 0.0, 0.502596914768219, 0.0, 0.0, 0.0, 0.0, 0.0, 0.0, 0.0, 0.0, 0.4367586076259613, 0.0, 0.0, 0.0, 0.20323333144187927, 0.0, 0.3484196662902832, 0.0, 0.0, 0.0, 0.0, 0.9615817666053772, 0.028797799721360207, 0.0, 0.292493999004364, 0.0, 0.0, 0.0, 0.0, 0.0, 0.0, 0.7555117011070251, 0.0, 0.8965935707092285, 0.09827812016010284, 0.007055782247334719, 0.0, 0.038110245019197464, 0.3485148251056671, 0.0, 0.0, 0.4894150495529175, 0.0, 0.04403230920433998, 0.0]"
7,7,"[0.03057790733873844, 0.0, 0.0, 0.569818377494812, 0.0, 0.0, 0.0, 0.0, 0.0, 0.0, 0.04515219107270241, 0.0, 0.0, 0.09271573275327682, 0.0, 0.509950578212738, 0.2980725169181824, 0.0, 0.0, 0.14288130402565002, 0.0, 0.0, 0.0, 0.7222513556480408, 0.0, 0.0, 0.0, 0.0, 0.0, 0.0, 0.0, 0.39151570200920105, 0.02311360277235508, 0.0, 0.0, 0.0, 0.3790191411972046, 0.0, 0.0, 0.0, 0.12148724496364594, 0.0, 0.0, 0.38267451524734497, 0.0, 0.0, 0.0, 0.0970996841788292, 0.0, 0.09008336812257767, 0.0, 0.0, 0.0, 0.0, 0.0, 0.0713171735405922, 0.0, 0.0, 0.37928470969200134, 0.29156142473220825, 0.0, 0.0, 0.0, 0.0, 0.035102006047964096, 0.1792348176240921, 0.0, 0.0, 0.3217679262161255, 0.0, 0.0, 0.004766944330185652, 0.0, 0.0, 0.032136186957359314, 0.0, 0.0, 0.0, 0.0, 0.0, 0.0, 0.0, 0.0, 0.13583426177501678, 0.3810388743877411, 0.0, 0.0, 0.0, 0.0, 0.0, 0.0, 0.12648005783557892, 0.0, 0.5125361680984497, 0.0, 0.0, 0.0, 0.0, 0.025189420208334923, 0.29671481251716614, 0.0, 0.08629977703094482, 0.0, 0.1859387755393982, 0.7742406129837036, 0.0, 0.0, 0.0, 0.0, 0.0, 0.0, 0.0, 0.0, 0.0, 0.69156414270401, 0.09476147592067719, 0.7226141691207886, 0.20475579798221588, 0.0, 0.0, 0.14764736592769623, 0.3881496787071228, 0.0, 0.0, 0.299280047416687, 0.0, 0.0010910435812547803, 0.0]"
8,8,"[0.17967768013477325, 0.0, 0.0, 0.6829572319984436, 0.0, 0.016895029693841934, 0.005830517504364252, 0.0, 0.0, 0.0, 0.0, 0.0, 0.0, 0.0, 0.0, 0.8370094895362854, 0.13640035688877106, 0.0, 0.0, 0.0, 0.058147989213466644, 0.0, 0.0, 1.0699255466461182, 0.0, 0.0, 0.0, 0.0, 0.14625124633312225, 0.0, 0.0, 0.38767707347869873, 0.28791502118110657, 0.0, 0.0, 0.21928644180297852, 0.8655774593353271, 0.0, 0.0, 0.0, 0.0, 0.0, 0.0, 0.3475630581378937, 0.0, 0.0, 0.0, 0.0, 0.0, 0.0, 0.0, 0.0, 0.0, 0.0702265277504921, 0.0, 0.0, 0.0, 0.0, 0.32155898213386536, 0.2737056314945221, 0.0, 0.030274648219347, 0.2238471657037735, 0.0, 0.08442572504281998, 0.0, 0.0, 0.0, 0.25060760974884033, 0.0, 0.0, 0.0, 0.019619833678007126, 0.0, 0.0, 0.29003649950027466, 0.0, 0.0, 0.0, 0.0, 0.0, 0.0, 0.0, 0.0, 0.312517911195755, 0.0, 0.0, 0.0, 0.0, 0.0, 0.0, 0.0, 0.0, 0.7874182462692261, 0.0, 0.0, 0.24859023094177246, 0.0, 0.0, 0.3025624454021454, 0.0, 0.03115694411098957, 0.0, 0.241249218583107, 1.1736280918121338, 0.0, 0.0, 0.025884665548801422, 0.0, 0.0, 0.0, 0.0, 0.0, 0.0, 1.2945624589920044, 0.22866912186145782, 1.038153052330017, 0.23329442739486694, 0.0, 0.0, 0.0, 0.0, 0.0, 0.0, 0.7383995652198792, 0.0, 0.019478321075439453, 0.0]"
9,9,"[0.0, 0.32744359970092773, 0.10959723591804504, 0.8715013265609741, 0.3210649788379669, 0.3256748616695404, 0.0, 0.0, 0.0, 0.0, 0.2543046176433563, 0.25897902250289917, 0.0, 0.12912842631340027, 0.0, 0.7532538175582886, 0.36785414814949036, 0.0, 0.029675964266061783, 0.026482420042157173, 0.13908733427524567, 0.0, 0.0, 0.7376403212547302, 0.0, 0.0, 0.0, 0.0, 0.0, 0.0, 0.0, 0.12838704884052277, 0.0, 0.0, 0.0, 0.04618028551340103, 0.40479785203933716, 0.0, 0.0, 0.0, 0.07763054221868515, 0.0, 0.0, 0.34389185905456543, 0.0, 0.0, 0.0, 0.0, 0.1062757596373558, 0.0, 0.0, 0.0, 0.0, 0.24615444242954254, 0.07118913531303406, 0.0, 0.0, 0.0, 0.8169406652450562, 0.6540117263793945, 0.0, 0.0, 0.0, 0.0, 0.5774312019348145, 0.0, 0.0, 0.0, 0.34782421588897705, 0.0, 0.0, 0.0, 0.0, 0.11136670410633087, 0.0, 0.21077679097652435, 0.0, 0.0, 0.0, 0.04601537808775902, 0.0, 0.0, 0.0, 0.08164937049150467, 0.6261813044548035, 0.0, 0.0, 0.0, 0.15056845545768738, 0.0, 0.0, 0.0, 0.0, 0.0, 0.0, 0.0, 0.046988267451524734, 0.0, 0.0, 0.01681940071284771, 0.0, 0.0, 0.0, 0.0, 0.7076597809791565, 0.0, 0.0, 0.0, 0.0012820701813325286, 0.0, 0.0, 0.0, 0.0, 0.0, 0.5564913749694824, 0.0, 0.8887453079223633, 0.0, 0.0, 0.0, 0.0, 0.3072943687438965, 0.0, 0.0, 0.30912888050079346, 0.1460016518831253, 0.3681478500366211, 0.0]"
11,11,"[0.03297722339630127, 0.0, 0.0, 0.5894761681556702, 0.0, 0.0, 0.016503872349858284, 0.0, 0.0, 0.0, 0.0, 0.10754120349884033, 0.0, 0.0, 0.0, 0.6098913550376892, 0.29998284578323364, 0.0, 0.0, 0.0, 0.0, 0.0, 0.0, 0.8818244338035583, 0.0, 0.0, 0.0, 0.0, 0.0, 0.0, 0.11920147389173508, 0.6633304357528687, 0.0, 0.0, 0.0, 0.136241614818573, 0.07740344107151031, 0.0, 0.0, 0.0, 0.5842185616493225, 0.0, 0.0, 0.553598940372467, 0.0, 0.0, 0.0, 0.0, 0.0, 0.14683054387569427, 0.0, 0.0, 0.0, 0.0, 0.0, 0.0, 0.0, 0.0, 0.8678816556930542, 0.4515521228313446, 0.0, 0.0, 0.0, 0.0, 0.0, 0.0059509570710361, 0.0, 0.02212299406528473, 0.4589378237724304, 0.0, 0.0, 0.05324237793684006, 0.014138970524072647, 0.0, 0.0, 0.26122331619262695, 0.0, 0.0, 0.0, 0.013001262210309505, 0.0, 0.0, 0.0, 0.0, 0.87882000207901, 0.0, 0.0, 0.0, 0.0, 0.0, 0.0, 0.28008362650871277, 0.4701184332370758, 0.17801682651042938, 0.0, 0.0, 0.0, 0.0, 0.0, 0.20746612548828125, 0.0, 0.0, 0.0, 0.0, 1.3310824632644653, 0.0, 0.04125867411494255, 0.3066380023956299, 0.0, 0.0, 0.0, 0.0, 0.0, 0.0, 1.2638708353042603, 0.0, 0.9676560759544373, 0.3532017469406128, 0.0, 0.0, 0.04947265610098839, 0.3508347272872925, 0.0, 0.0, 0.7606745958328247, 0.0, 0.0, 0.0]"
22,22,"[0.0, 0.0, 0.0, 0.6757654547691345, 0.0, 0.0, 0.0, 0.0, 0.0, 0.0, 0.0, 0.0, 0.0, 0.0, 0.0, 0.9845832586288452, 0.29253748059272766, 0.0, 0.0, 0.025875629857182503, 0.0, 0.0, 0.0, 1.231276035308838, 0.0, 0.0, 0.0, 0.0, 0.0, 0.0, 0.0, 0.54050612449646, 0.0, 0.0, 0.0, 0.0, 0.5751186013221741, 0.0, 0.0, 0.0, 0.006013072095811367, 0.0, 0.0, 0.5553945899009705, 0.0, 0.0, 0.0, 0.0, 0.0, 0.0, 0.0, 0.0, 0.0, 0.0, 0.0, 0.0, 0.0, 0.0, 0.8695829510688782, 0.48631417751312256, 0.0, 0.0, 0.11355586349964142, 0.0, 0.021506352350115776, 0.0, 0.0, 0.0, 0.8606078028678894, 0.0, 0.0, 0.0, 0.0, 0.0, 0.0, 0.2254062443971634, 0.0, 0.16392919421195984, 0.0, 0.0, 0.0, 0.0, 0.0, 0.0, 0.8101376891136169, 0.0, 0.0, 0.0, 0.0, 0.0, 0.0, 0.0, 0.0, 0.8796810507774353, 0.0, 0.0, 0.0, 0.0, 0.0, 0.2838502824306488, 0.0, 0.0, 0.0, 0.0016401727916672826, 1.3192291259765625, 0.0, 2.2429019736591727e-05, 0.0, 0.0, 0.0, 0.0, 0.0, 0.0, 0.0, 1.1669031381607056, 0.0, 1.0212279558181763, 0.1226314827799797, 0.0, 0.0, 0.0, 0.04589870199561119, 0.0, 0.0, 0.6022170782089233, 0.0, 0.1948978751897812, 0.0]"
33,33,"[0.0, 0.0, 0.0, 0.4407033920288086, 0.0, 0.0, 0.1398247480392456, 0.0, 0.0, 0.0, 0.02523687854409218, 0.0, 0.0, 0.0, 0.0, 0.761272132396698, 0.3755559027194977, 0.0, 0.00867940578609705, 0.0, 0.0, 0.0, 0.0, 1.1039271354675293, 0.0, 0.0, 0.0, 3.884169018419925e-06, 0.0, 0.0, 0.0, 0.567321240901947, 0.0, 0.0, 0.0, 0.0, 0.837106466293335, 0.0, 0.0, 0.0, 0.028722714632749557, 0.0, 0.0, 0.7012718319892883, 0.0, 0.0, 0.0, 0.0, 0.0, 0.0, 0.0, 0.03424100950360298, 0.0, 0.0, 0.0, 0.0, 0.0, 0.0, 0.6394025683403015, 0.19094295799732208, 0.0, 0.0, 0.0, 0.0, 0.01963752880692482, 0.0, 0.0, 0.0, 0.6286911964416504, 0.0, 0.0, 0.0, 0.0, 0.0, 0.0, 0.2890862226486206, 0.0, 0.12582246959209442, 0.0, 0.0, 0.0, 0.0, 0.0, 0.0, 0.8285725116729736, 0.0, 0.057319678366184235, 0.0, 0.0, 0.0, 0.0, 0.0, 0.0, 0.7068264484405518, 0.0, 0.0, 0.0, 0.0, 0.0, 0.29541659355163574, 0.0, 0.0, 0.0, 0.0, 1.060091495513916, 0.00023264680930878967, 0.0, 0.0, 0.0, 0.0, 0.0, 0.0, 0.0, 0.0, 0.9061378240585327, 0.0, 0.8834735751152039, 0.13096536695957184, 0.0, 0.0, 0.0, 0.19535665214061737, 0.0, 0.0, 0.5487084984779358, 0.0, 0.11371026188135147, 0.0]"
44,44,"[0.0, 0.0, 0.0, 0.6999598145484924, 0.0, 0.0, 0.17737257480621338, 0.216131329536438, 0.0, 0.0, 0.06143778935074806, 0.0, 0.0, 0.0, 0.0, 0.8645784854888916, 0.0, 0.0, 0.0, 0.0, 0.0, 0.0, 0.0, 1.2886704206466675, 0.0, 0.0, 0.0, 0.11521575599908829, 0.0, 0.0, 0.0, 0.6315474510192871, 0.08187415450811386, 0.0, 0.0, 0.04273589327931404, 0.8548681735992432, 0.0, 0.0, 0.0, 0.0, 0.0, 0.0, 0.5157575011253357, 0.0, 0.0, 0.0, 0.0, 0.0, 0.0, 0.0, 0.0, 0.0, 0.001878543640486896, 0.0, 0.0, 0.0, 0.0, 0.8218324780464172, 0.6741970181465149, 0.0, 0.0, 0.0, 0.0, 0.08477286994457245, 0.0, 0.0, 0.0, 0.9602189660072327, 0.0, 0.0, 0.0, 0.0, 0.0, 0.0, 0.3373875617980957, 0.0, 0.0, 0.0, 0.0, 0.0, 0.0, 0.0, 0.0, 0.9506312012672424, 0.0, 0.0, 0.0, 0.0, 0.0, 0.0, 0.0, 0.0, 0.0, 0.0, 0.0, 0.0, 0.0, 0.0, 0.19135664403438568, 0.0, 0.0, 0.0, 0.0, 1.3178634643554688, 0.0, 0.0, 0.0, 0.0, 0.0, 0.0, 1.8419327716401313e-06, 0.0, 0.0, 0.9784979820251465, 0.05319590866565704, 1.077423334121704, 0.0, 0.0, 0.0, 0.017601653933525085, 0.3808704912662506, 0.0, 0.0, 0.7628089785575867, 0.0, 0.15886244177818298, 0.0]"
55,55,"[0.0, 0.0, 0.0, 0.6869535446166992, 0.0, 0.0, 0.06160870939493179, 0.0, 0.0, 0.0, 0.0, 0.0, 0.0, 0.0, 0.0, 0.7661711573600769, 0.2884971499443054, 0.0, 0.0, 0.0, 0.0, 0.0, 0.0, 0.9980952739715576, 0.0, 0.0, 0.0, 0.0, 0.0, 0.0, 0.0, 0.5856925845146179, 0.0, 0.0, 0.0, 0.14554210007190704, 0.0, 0.0, 0.0, 0.0, 0.0, 0.0, 0.0, 0.6260860562324524, 0.0, 0.0, 0.0, 0.0, 0.0, 0.0, 0.0, 0.0, 0.0, 0.0, 0.0, 0.040184538811445236, 0.0, 0.0, 0.7709506750106812, 0.34590399265289307, 0.0, 0.0, 0.06090341508388519, 0.0, 0.0, 0.0, 0.0, 0.09943313151597977, 0.8666290640830994, 0.0, 0.0, 0.0, 0.0, 0.0, 0.0, 0.3474934995174408, 0.003988882061094046, 0.0, 0.0, 0.0, 0.0, 0.0, 0.0, 0.0, 0.8249408006668091, 0.0, 0.0, 0.0, 0.0, 0.0, 0.0, 0.0, 0.0, 0.544731616973877, 0.0, 0.0, 0.0, 0.0, 0.0, 0.06358698755502701, 0.0, 0.0, 0.0, 0.0, 1.272528886795044, 0.0, 0.0, 0.0, 0.0, 0.0, 0.0, 0.0, 0.0, 0.0, 0.9838660955429077, 0.0, 1.0490071773529053, 0.0, 0.0, 0.0, 0.011326118372380733, 0.1578179895877838, 0.0, 0.0, 0.7475450038909912, 0.0, 0.30614444613456726, 0.0]"
66,66,"[0.0, 0.0, 0.0, 0.6875203251838684, 0.0, 0.06636656075716019, 0.0, 0.0, 0.0, 0.0, 0.0, 0.0, 0.0, 0.0, 0.0, 1.2183587551116943, 0.3948071002960205, 0.0, 0.0, 0.0, 0.0, 0.0, 0.0, 1.165064811706543, 0.0, 0.0, 0.0, 0.0, 0.0, 0.0, 0.0, 0.5529625415802002, 0.0, 0.0, 0.0, 0.07986896485090256, 0.43950551748275757, 0.13563139736652374, 0.0, 0.0, 0.0, 0.0, 0.0, 0.5460514426231384, 0.0, 0.0, 0.0, 0.16204866766929626, 0.0, 0.0, 0.0, 0.0, 0.0, 0.1458180844783783, 0.0, 0.0, 0.0, 0.0, 0.7065847516059875, 0.4160785675048828, 0.0, 0.0, 0.0, 0.0, 0.0, 0.1468316912651062, 0.0, 0.0, 0.7753810882568359, 0.0, 0.0, 0.0014137282269075513, 0.0, 0.0, 0.0, 0.15842178463935852, 0.0, 0.0, 0.0, 0.0, 0.0, 0.0, 0.0, 0.1704602688550949, 0.7842984199523926, 0.0, 0.0, 0.0, 0.0, 0.0, 0.0, 0.0, 0.0, 0.5771186947822571, 0.0, 0.0, 0.0, 0.0, 0.0, 0.23023951053619385, 0.0, 0.0, 0.0, 0.0, 1.225662112236023, 0.0, 0.005457896739244461, 0.23556837439537048, 0.0, 0.0, 0.0, 0.0, 0.0, 0.0, 0.7285599112510681, 0.0, 1.4078543186187744, 0.0, 0.2576015293598175, 0.0, 0.0, 0.05051131919026375, 0.2699228525161743, 0.0, 0.967001736164093, 0.0, 0.5251802802085876, 0.0]"
111,111,"[0.0, 0.0, 0.0, 0.49522870779037476, 0.0, 0.0, 0.0, 0.0, 0.0, 0.0, 0.03446340560913086, 0.0, 0.0, 0.0, 0.0, 0.9696744084358215, 0.2616545557975769, 0.0, 0.0, 0.0, 0.0, 0.0, 0.0, 1.5644038915634155, 0.0, 0.0, 0.13684901595115662, 0.0, 0.0, 0.0, 0.0, 0.7261579632759094, 0.12696027755737305, 0.0, 0.0, 0.4944664239883423, 0.8432074189186096, 0.0, 0.0, 0.0, 0.10595230758190155, 0.0, 0.0, 0.7850397825241089, 0.0, 0.0, 0.0, 0.0, 0.0, 0.1485026627779007, 0.0, 0.0, 0.0, 0.0, 0.0, 0.0034274114295840263, 0.0, 0.0, 0.7282031774520874, 0.29543545842170715, 0.0, 0.0, 0.1475767195224762, 0.0, 0.0, 0.0, 0.0, 0.0318145751953125, 0.48710569739341736, 0.0, 0.0, 0.0, 0.25751861929893494, 0.0, 0.0, 0.39774346351623535, 0.0, 0.0, 0.0, 0.0, 0.0, 0.0, 0.0, 0.0, 0.40931347012519836, 0.0, 0.062227193266153336, 0.0, 0.0, 0.0, 0.0, 0.052818797528743744, 0.003679166082292795, 0.6520727276802063, 0.0, 0.0, 0.0, 0.0, 0.0, 0.34376370906829834, 0.0, 0.03912133350968361, 0.0, 0.0, 1.2514872550964355, 0.0, 0.0, 0.23009803891181946, 0.0, 0.0, 0.0, 0.0, 0.0, 0.0, 1.2622469663619995, 0.0, 0.7027667760848999, 0.0, 0.028964675962924957, 0.0, 0.0, 0.0, 0.0, 0.0, 0.8599504828453064, 0.0, 0.12628036737442017, 0.0]"
222,222,"[0.0, 0.0, 0.0, 0.37870094180107117, 0.0, 0.0, 0.0, 0.0703052505850792, 0.0, 0.0, 0.0, 0.0, 0.0, 0.0, 0.0, 0.7928521633148193, 0.13916291296482086, 0.0, 0.0, 0.0, 0.0, 0.0, 0.0, 1.36798095703125, 0.0, 0.08496628701686859, 0.0, 0.0, 0.0, 0.0, 0.0, 0.5777978897094727, 0.0, 0.0, 0.0, 0.12042935937643051, 0.7226202487945557, 0.0, 0.0, 0.0, 0.0, 0.0, 0.0, 0.6102584004402161, 0.0, 0.0, 0.0, 0.08436648547649384, 0.0, 0.0, 0.0, 0.0, 0.0, 0.0, 0.0, 0.0, 0.0, 0.06120003014802933, 0.850722074508667, 0.23440450429916382, 0.0, 0.0, 0.0, 0.0, 0.0, 0.10598847270011902, 0.0, 0.2917879819869995, 0.9885329604148865, 0.0, 0.0, 0.0, 0.0, 0.0, 0.0, 0.4079417586326599, 0.0, 0.0, 0.0, 0.0, 0.0, 0.0, 0.0, 0.0, 1.0552576780319214, 0.0, 0.0, 0.0, 0.0, 0.0, 0.0, 0.0, 0.0, 0.7113878726959229, 0.0, 0.0, 0.0, 0.0, 0.05725980922579765, 0.5106043219566345, 0.054282642900943756, 0.16513660550117493, 0.0, 0.0765409916639328, 1.188062071800232, 0.0, 0.0, 0.0, 0.0, 0.0, 0.0, 0.0, 0.0, 0.0, 0.9855564832687378, 0.0, 0.9831987619400024, 0.0, 0.1035187840461731, 0.0, 0.0, 0.4470844566822052, 0.0, 0.0, 0.8348018527030945, 0.0, 0.28325513005256653, 0.0]"
333,333,"[0.0, 0.0, 0.0, 0.8561084270477295, 0.0, 0.0, 0.17740727961063385, 0.0, 0.0, 0.0, 0.0, 0.0, 0.0, 0.0, 0.0, 0.9594191312789917, 0.10039735585451126, 0.0, 0.0, 0.0, 0.0, 0.0, 0.0, 1.2228915691375732, 0.0, 0.0, 0.0, 0.11091092973947525, 0.0, 0.0, 0.0, 0.5992870926856995, 0.0, 0.0, 0.0, 0.0, 0.7667989134788513, 0.0, 0.0, 0.0, 0.10740268975496292, 0.0, 0.0, 0.6949706077575684, 0.0, 0.0, 0.0, 0.0, 0.0, 0.00037331986823119223, 0.0, 0.0, 0.0, 0.3364235758781433, 0.0, 0.11825297027826309, 0.0, 0.0, 0.6937329173088074, 0.9025260806083679, 0.0, 0.0, 0.0, 0.0, 0.03360007703304291, 0.0, 0.09181498736143112, 0.21928581595420837, 0.7550252676010132, 0.0, 0.0, 0.0, 0.1760203242301941, 0.0, 0.0, 0.2918306589126587, 0.0, 0.0, 0.0, 0.160128653049469, 0.0, 0.0, 0.0, 0.0, 1.316379189491272, 0.0, 0.0, 0.0, 0.0, 0.0, 0.0, 0.0, 0.0, 0.8624334931373596, 0.0, 0.0, 0.0, 0.0, 0.0, 0.3234310448169708, 0.0, 0.0, 0.0, 0.0, 1.5173372030258179, 0.0, 0.0, 0.019077910110354424, 0.0, 0.0, 0.0, 0.0, 0.0, 0.0, 1.0865715742111206, 0.0, 1.125847578048706, 0.32211318612098694, 0.0, 0.0, 0.07384469360113144, 0.14706237614154816, 0.0, 0.0, 0.7010314464569092, 0.0, 0.4014435410499573, 0.0]"
444,444,"[0.0, 0.0, 0.0, 0.5816624164581299, 0.0, 0.0, 0.0, 0.03853645175695419, 0.0, 0.0, 0.0, 0.0, 0.0, 0.0, 0.0, 0.8375148177146912, 0.38175681233406067, 0.0, 0.0, 0.0, 0.0, 0.0, 0.0, 1.2160145044326782, 0.0, 0.0, 0.0, 0.0, 0.0, 0.0, 0.0, 0.6435875296592712, 0.0, 0.0, 0.0, 0.02662225253880024, 0.7226550579071045, 0.0, 0.0, 0.0, 0.0, 0.0, 0.0, 0.6303246021270752, 0.0, 0.0, 0.0, 0.0, 0.0, 0.0, 0.0, 0.0, 0.0, 0.0, 0.0, 0.0, 0.0, 0.0, 0.7409712672233582, 0.41285061836242676, 0.0, 0.0, 0.0, 0.0, 0.0, 0.0, 0.0, 0.00987506564706564, 0.7548194527626038, 0.0, 0.0, 0.0, 0.060999490320682526, 0.0, 0.0, 0.3381497263908386, 0.0, 0.0, 0.0, 0.03759249299764633, 0.0, 0.0, 0.0, 0.0, 0.709489107131958, 0.0, 0.0, 0.0, 0.0, 0.0, 0.0, 0.0, 0.0, 0.574428141117096, 0.0, 0.0, 0.0, 0.0, 0.0, 0.340567022562027, 0.0, 0.0, 0.0, 0.0, 1.2075408697128296, 0.007958327420055866, 0.0, 0.0, 0.0, 0.0, 0.0, 0.0, 0.0, 0.0, 1.0634132623672485, 0.01426946371793747, 1.1128294467926025, 0.0, 0.0, 0.0, 0.0, 0.35177409648895264, 0.0, 0.0, 0.7259700894355774, 0.0, 0.262616902589798, 0.0]"
555,555,"[0.0, 3.678947905427776e-05, 0.0, 0.6713380217552185, 0.0, 0.0, 0.320840984582901, 0.0, 0.0, 0.0, 0.0, 0.0243085790425539, 0.0, 0.0, 0.0, 0.9001436233520508, 0.0, 0.0, 0.0, 0.0, 0.0, 0.0, 0.0, 1.3559730052947998, 0.0, 0.0, 0.0, 0.09160032123327255, 0.0, 0.0, 0.0, 0.611512303352356, 0.0, 0.0, 0.0, 0.14372067153453827, 0.8672977089881897, 0.0, 0.0, 0.0, 0.0, 0.0, 0.0, 0.6586349606513977, 0.0, 0.0, 0.0, 0.0, 0.0, 0.0, 0.0, 0.0, 0.0, 0.0, 0.0, 0.09211211651563644, 0.0, 0.0, 0.5664916038513184, 0.36672747135162354, 0.0, 0.0, 0.023727083578705788, 0.0, 0.0, 0.0, 0.0, 0.0, 0.6741563081741333, 0.0, 0.0, 0.0, 0.0, 0.0, 0.0, 0.4982367157936096, 0.0, 0.0, 0.0, 0.0, 0.0, 0.0, 0.0, 0.0, 0.8155646920204163, 0.0, 0.0, 0.0, 0.0, 0.0, 0.0, 0.0, 0.0, 0.5637433528900146, 0.0, 0.0, 0.0, 0.0, 0.0, 0.40691372752189636, 0.0, 0.13189969956874847, 0.0, 0.0, 1.3085999488830566, 0.0, 0.0, 0.0, 0.0, 0.0, 0.0, 0.0, 0.0, 0.0, 1.2672173976898193, 0.0, 1.0813020467758179, 0.08359847962856293, 0.0, 0.0, 0.0, 0.4089118540287018, 0.0, 0.0, 0.9724335670471191, 0.0, 0.15645593404769897, 0.0]"
666,666,"[0.0, 0.0, 0.0, 0.5634543299674988, 0.13257825374603271, 0.0, 0.0, 0.3891741633415222, 0.0, 0.0, 0.0, 0.0, 0.0, 0.0, 0.0, 1.089019536972046, 0.0, 0.0, 0.0, 0.0, 0.0, 0.0, 0.0, 0.9990799427032471, 0.0, 0.0, 0.0, 0.0, 0.0, 0.0, 0.0, 0.23834547400474548, 0.0, 0.0, 0.0, 0.1870696246623993, 0.3788730502128601, 0.0, 0.0, 0.0, 0.2997826039791107, 0.0, 0.0, 0.6030083894729614, 0.0362856425344944, 0.0, 0.0, 0.0, 0.0, 0.0, 0.0, 0.06484399735927582, 0.0, 0.12645889818668365, 0.0, 0.2783856987953186, 0.0, 0.062478139996528625, 0.5658749938011169, 0.48341813683509827, 0.0, 0.0, 0.1176949068903923, 0.0, 0.014214522205293179, 0.0, 0.0, 0.0, 0.47449928522109985, 0.0, 0.09551306068897247, 0.0, 0.0, 0.0, 0.0, 0.06940118223428726, 0.0, 0.0, 0.0, 0.0, 0.0, 0.0, 0.0, 0.0, 0.30037224292755127, 0.0, 0.0, 0.0, 0.0, 0.0, 0.0, 0.2063114047050476, 0.0, 0.1742354929447174, 0.0, 0.0, 0.0, 0.0, 0.0, 0.0, 0.0, 0.0, 0.0, 0.0, 0.7287992238998413, 0.0, 0.0, 0.0, 0.0, 0.0, 0.0, 0.0, 0.0, 0.0, 0.6903037428855896, 0.0, 0.9788796305656433, 0.32889509201049805, 0.0, 0.0, 0.053219325840473175, 0.6514222025871277, 0.0, 0.0, 0.2675802409648895, 0.0, 0.2581649422645569, 0.0]"
1111,1111,"[0.0, 0.0, 0.0, 0.3924800455570221, 0.019306180998682976, 0.0, 0.0, 0.0, 0.0, 0.0, 0.1035289317369461, 0.0, 0.0, 0.0, 0.0, 0.4180592894554138, 0.14266367256641388, 0.0, 0.0, 0.0, 0.0, 0.0, 0.0, 1.2123011350631714, 0.0, 0.0, 0.0, 0.0, 0.0, 0.0, 0.0, 0.3912044167518616, 0.0, 0.0, 0.0, 0.18218371272087097, 0.7527040243148804, 0.0, 0.0, 0.0, 0.1976776421070099, 0.0, 0.0, 0.35153189301490784, 0.0, 0.0, 0.0, 0.0, 0.0, 0.0, 0.0, 0.0, 0.0, 0.0, 0.0, 0.0, 0.0, 0.0, 0.7803059220314026, 0.6378885507583618, 0.0, 0.0, 0.3026200234889984, 0.0, 0.0, 0.0, 0.0, 0.16826650500297546, 0.949260413646698, 0.0, 0.0, 0.0, 0.030370201915502548, 0.0, 0.0, 0.4276306927204132, 0.0, 0.0, 0.0, 0.0, 0.0, 0.0, 0.0, 0.0, 0.8072991371154785, 0.0, 0.0, 0.0, 0.0, 0.0, 0.0, 0.0, 0.0, 0.5406744480133057, 0.0, 0.0, 0.0, 0.0, 0.0, 0.5443456172943115, 0.011995658278465271, 0.0, 0.0, 0.0, 1.1038986444473267, 0.0, 0.0, 0.0, 0.0, 0.0, 0.0, 0.0, 0.0, 0.0, 0.6112275123596191, 0.0, 0.8859087228775024, 0.3245398700237274, 4.919543061987497e-05, 0.0, 0.06207333132624626, 0.3584843575954437, 0.0, 0.0, 0.7894688248634338, 0.0, 0.0, 0.0]"
2222,2222,"[0.0, 0.0, 0.0, 0.49322962760925293, 0.005692447070032358, 0.0, 0.0, 0.13929206132888794, 0.0, 0.0, 0.0, 0.0, 0.0, 0.0037672724574804306, 0.0, 0.7330664396286011, 0.44789919257164, 0.0, 0.0, 0.004785326775163412, 0.0, 0.0, 0.0, 1.084037184715271, 0.0, 0.0, 0.0, 0.0, 0.0, 0.0, 0.0, 0.5921558141708374, 0.02063034474849701, 0.0, 0.0, 0.1231071949005127, 0.726455569267273, 0.0, 0.0, 0.0, 0.08871936798095703, 0.0, 0.0, 0.60240238904953, 0.0, 0.0, 0.0, 0.0, 0.0, 0.0, 0.0, 0.0, 0.0, 0.0, 0.0, 0.0, 0.0, 0.0, 0.7205564379692078, 0.424183189868927, 5.170613439986482e-05, 0.0, 0.17917507886886597, 0.0, 0.0, 0.0, 0.0, 0.047715913504362106, 0.5316495895385742, 0.0, 0.0, 0.0, 0.0, 0.0, 0.0, 0.18836478888988495, 0.0, 0.0, 0.0, 0.0, 0.0, 0.0, 0.0, 0.0, 0.6676191687583923, 0.0, 0.0, 0.0, 0.0, 0.0, 0.0, 0.0, 0.0, 0.6180397868156433, 0.0, 0.0, 0.0, 0.0, 0.0, 0.2380320131778717, 0.03655032441020012, 0.00862122792750597, 0.0, 0.0, 1.276204228401184, 0.0, 0.0, 0.0, 0.0, 0.0, 0.0, 0.0, 0.0, 0.0, 0.9915651679039001, 0.0, 1.0354688167572021, 0.0, 0.06161371245980263, 0.0, 7.021719648037106e-05, 0.4086134731769562, 0.00021892199583817273, 0.0, 0.619317352771759, 0.0, 0.21494652330875397, 0.0]"
3333,3333,"[0.0, 0.2259281724691391, 0.0, 1.1170408725738525, 0.0, 0.0, 0.0, 0.02962576597929001, 0.0, 0.0, 0.0, 0.0, 0.0, 0.0, 0.0, 1.29425847530365, 0.09665177762508392, 0.0, 0.0, 0.0, 0.0, 0.0, 0.0, 1.4121664762496948, 0.0, 0.0, 0.0, 0.13134872913360596, 0.0, 0.0, 0.0, 0.7226627469062805, 0.2950190007686615, 0.0, 0.0, 0.0, 0.9845566153526306, 0.0, 0.0, 0.0, 0.12267507612705231, 0.0, 0.0, 0.5429202318191528, 0.0, 0.0, 0.0, 0.047087687999010086, 0.0, 0.0, 0.2360876202583313, 0.0, 0.0, 0.09240715205669403, 0.0, 0.0, 0.0, 0.0, 0.9213521480560303, 0.3580418825149536, 0.0, 0.0, 0.0926121175289154, 0.0, 0.0, 0.0, 0.0, 0.14343005418777466, 1.0654358863830566, 0.16223378479480743, 0.0, 0.05228281393647194, 0.0, 0.0, 0.0, 0.49655410647392273, 0.0, 0.0, 0.011316046118736267, 0.0, 0.0, 0.0, 0.09559307247400284, 0.0, 0.8014946579933167, 0.0, 0.0, 0.0, 0.10412707179784775, 0.0, 0.0, 0.0, 0.0, 0.4154002070426941, 0.0, 0.0, 0.0, 0.0, 0.0, 0.0, 0.0, 0.32590624690055847, 0.0, 0.0, 1.7596526145935059, 0.22329968214035034, 0.0033908758778125048, 0.0, 0.0, 0.0, 0.0, 0.0, 0.0, 0.0, 1.220323920249939, 0.0, 1.2502766847610474, 0.0, 0.0, 0.0, 0.0, 0.6008588671684265, 0.0, 0.0, 0.5591086149215698, 0.0, 0.03195032849907875, 0.0]"
4444,4444,"[0.0, 0.0, 0.0, 0.6310232281684875, 0.0, 0.0, 0.0, 0.0, 0.0, 0.0, 0.07072509080171585, 0.05429666116833687, 0.0, 0.0, 0.0, 0.3688717782497406, 0.4596918225288391, 0.0, 0.0, 0.09253785759210587, 0.0, 0.0, 0.0, 0.7016113996505737, 0.0, 0.0, 0.0, 0.0, 0.0, 0.0, 0.0, 0.29820516705513, 0.0, 0.0, 0.0, 0.0730171650648117, 0.48939061164855957, 0.0, 0.0, 0.0, 0.013612622395157814, 0.0, 0.0, 0.292080819606781, 0.0, 0.0, 0.0, 0.0, 0.0, 0.0, 0.0, 0.0, 0.0, 0.07085981965065002, 0.0, 0.0, 0.00324921403080225, 0.0, 0.56183260679245, 0.048474207520484924, 0.0, 0.0, 0.0, 0.0, 0.0, 0.0, 0.0, 0.11622661352157593, 0.7179946899414062, 0.0, 0.020863354206085205, 0.0, 0.0003052394022233784, 0.0, 0.0, 0.33447518944740295, 0.0, 0.0, 0.0, 0.0, 0.0, 0.09916366636753082, 0.0, 0.0, 0.7173711657524109, 0.0, 0.0, 0.0, 0.05079890787601471, 0.0, 0.0, 0.0, 0.005403505172580481, 0.5859090089797974, 0.0, 0.0, 0.0, 0.0, 0.0, 0.25796273350715637, 0.0, 0.0, 0.0, 0.37956178188323975, 0.5852753520011902, 0.0, 0.0, 0.0, 0.0, 0.0, 0.0, 0.0, 0.0, 0.0, 0.6368821263313293, 0.0, 0.8010305166244507, 0.16072207689285278, 0.06614433974027634, 0.0, 0.0, 0.03690138831734657, 0.0, 0.0, 0.3124917447566986, 0.0, 0.24448899924755096, 0.0]"
5555,5555,"[0.0, 0.0, 0.02758137881755829, 0.6093915104866028, 0.10626842826604843, 0.0, 0.11687147617340088, 0.0, 0.0, 0.0, 0.0, 0.0, 0.0, 0.0, 0.0, 0.5700082778930664, 0.0, 0.0, 0.0, 0.006333405617624521, 0.0, 0.0, 0.0, 0.8517786264419556, 0.0, 0.0, 0.0, 0.0, 0.0, 0.0, 0.0, 0.7301294803619385, 0.1460852324962616, 0.0, 0.0, 0.09995098412036896, 0.42945969104766846, 0.0, 0.0, 0.0, 0.15725556015968323, 0.0, 0.0, 0.1889466941356659, 0.0, 0.0, 0.0, 0.010386236943304539, 0.0, 0.0, 0.0, 0.0, 0.0, 0.1332806795835495, 0.0, 0.0, 0.0, 0.0, 0.640762984752655, 0.7557460069656372, 0.0, 0.0, 0.0, 0.0, 0.0, 0.0988934189081192, 0.0, 0.028349319472908974, 0.7307713031768799, 0.0, 0.2601255774497986, 0.08330024778842926, 0.024164661765098572, 0.0, 0.0, 0.28584107756614685, 0.0, 0.0, 0.0, 0.0, 0.0, 0.07267585396766663, 0.0, 0.0, 0.7168397903442383, 0.0, 0.0, 0.0, 0.0506834015250206, 0.0, 0.0, 0.0, 0.08377353847026825, 0.2247936725616455, 0.0, 0.0, 0.0, 0.0, 0.10344430059194565, 0.34806448221206665, 0.07108455151319504, 0.0, 0.0, 0.0, 0.9208506345748901, 0.2402670532464981, 0.0, 0.0, 0.0, 0.0, 0.0, 0.0, 0.0, 0.26895350217819214, 0.8715583086013794, 0.0, 0.9701141715049744, 0.09901946783065796, 0.0, 0.0, 0.27363455295562744, 0.2424100786447525, 0.0, 0.0, 0.8369855880737305, 0.0, 0.4348730742931366, 0.0]"
6666,6666,"[0.0, 0.0, 0.1654338538646698, 0.6088466644287109, 0.0, 0.0, 0.025999022647738457, 0.35563650727272034, 0.0, 0.0, 0.17054177820682526, 0.0, 0.0, 0.09508516639471054, 0.0, 0.5573110580444336, 0.0, 0.0, 0.0, 0.016800766810774803, 0.0, 0.0, 0.0, 0.9580106139183044, 0.0, 0.0, 0.0, 0.0, 0.0, 0.0, 0.0, 0.4729226529598236, 0.009997035376727581, 0.0, 0.0, 0.07840817421674728, 0.3065681755542755, 0.0, 0.0, 0.0, 0.2788771986961365, 0.0, 0.0, 0.5527323484420776, 0.1974884420633316, 0.0, 0.0, 0.0, 0.0, 0.0, 0.0, 0.11959699541330338, 0.0, 0.18562394380569458, 0.0, 0.0, 0.0, 0.0, 0.5327406525611877, 0.7289370894432068, 0.0, 0.0, 0.0839327797293663, 0.0, 0.0, 0.0, 0.0, 0.013606821186840534, 0.4990043640136719, 0.0, 0.0, 0.0, 0.0, 0.0, 0.22435341775417328, 0.34640464186668396, 0.0, 0.0, 0.0, 0.005328495986759663, 0.0, 0.0, 0.0, 0.0, 0.3561767041683197, 0.0, 0.0, 0.0, 0.0, 0.0, 0.0, 0.0, 0.0961916446685791, 0.5833242535591125, 0.0, 0.0, 0.0, 0.0072830901481211185, 0.0, 0.0, 0.0, 0.057555053383111954, 0.0, 0.17850978672504425, 0.7592809200286865, 0.21146050095558167, 0.0, 0.0, 0.0, 0.0, 0.0, 0.0, 0.0, 0.0, 0.9293187260627747, 0.0, 1.1954238414764404, 0.2190324068069458, 0.0, 0.0, 0.2195117324590683, 0.3486570715904236, 0.0, 0.0, 0.5088459253311157, 0.0, 0.11891405284404755, 0.0]"
